{
  "parent": "minecraft:item/generated",
  "textures": {
    "layer0": "minecraft:item/book"
  },
  "overrides": [
    {
      "predicate": {
        "custom_model_data": 10000
      },
      "model": "minecraft:item/common_book"
    },
    {
      "predicate": {
        "custom_model_data": 10001
      },
      "model": "minecraft:item/rare_book"
    },
    {
      "predicate": {
        "custom_model_data": 10002
      },
      "model": "minecraft:item/exotic_book"
    }
  ]
}